{
    "metrics": {
        "http_req_duration": {
            "med": 56.583946,
            "max": 59006.877565,
            "p(90)": 95.02661590000001,
            "p(95)": 117.93186855000002,
            "avg": 136.39578673890554,
            "min": 0.104918
        },
        "http_req_blocked": {
            "avg": 2.1733123222760664,
            "min": 0.000483,
            "med": 0.001967,
            "max": 2115.15054,
            "p(90)": 0.004141,
            "p(95)": 0.0058609500000000115
        },
        "http_req_receiving": {
            "avg": 42.256730139353884,
            "min": 0,
            "med": 43.0208475,
            "max": 245.352684,
            "p(90)": 45.5657264,
            "p(95)": 47.060846049999995
        },
        "iterations": {
            "count": 309722,
            "rate": 5150.981720479938
        },
        "http_req_sending": {
            "p(90)": 0.013701,
            "p(95)": 0.022649950000000012,
            "avg": 0.02898041422630634,
            "min": 0.001774,
            "med": 0.006741,
            "max": 76.743862
        },
        "vus_max": {
            "min": 1000,
            "max": 1000,
            "value": 1000
        },
        "http_req_waiting": {
            "avg": 94.1100761853254,
            "min": 0.03413,
            "med": 13.5937605,
            "max": 59004.499809,
            "p(90)": 51.25002650000005,
            "p(95)": 73.9141297
        },
        "http_req_duration{expected_response:true}": {
            "avg": 130.88557790632115,
            "min": 0.104918,
            "med": 56.581271,
            "max": 53509.994452,
            "p(90)": 95.0070614,
            "p(95)": 117.84686179999987
        },
        "http_reqs": {
            "count": 309722,
            "rate": 5150.981720479938
        },
        "http_req_connecting": {
            "avg": 2.1681761881073927,
            "min": 0,
            "med": 0,
            "max": 2115.125315,
            "p(90)": 0,
            "p(95)": 0
        },
        "data_sent": {
            "count": 29647380,
            "rate": 493065.111422897
        },
        "iteration_duration": {
            "min": 0.126486,
            "med": 56.682323499999995,
            "max": 60022.550687,
            "p(90)": 95.48880200000005,
            "p(95)": 118.83116265000001,
            "avg": 138.65136801891975
        },
        "vus": {
            "min": 29,
            "max": 1000,
            "value": 29
        },
        "http_req_tls_handshaking": {
            "avg": 0,
            "min": 0,
            "med": 0,
            "max": 0,
            "p(90)": 0,
            "p(95)": 0
        },
        "http_req_failed": {
            "passes": 29,
            "fails": 309693,
            "value": 0.00009363235417568013
        },
        "data_received": {
            "count": 33565876,
            "rate": 558233.5568926206
        }
    },
    "root_group": {
        "name": "",
        "path": "",
        "id": "d41d8cd98f00b204e9800998ecf8427e",
        "groups": {},
        "checks": {}
    }
}